/*roles y sucursales*/
INSERT INTO controlpersonal.rol  VALUES (1,'Vendedor');
INSERT INTO controlpersonal.rol VALUES (2,'Inventario');
INSERT INTO controlpersonal.rol VALUES (3,'Bodega');
INSERT INTO controlpersonal.rol VALUES (4,'Administrador');

INSERT INTO controltiendas.sucursal VALUES('SC1', 'Sucursal Central');
INSERT INTO controltiendas.sucursal VALUES('SN2', 'Sucursal Norte');
INSERT INTO controltiendas.sucursal VALUES('SS3', 'Sucursal Sur');
INSERT INTO controltiendas.sucursal VALUES('BD1', 'Bodega');

/*productos */
INSERT INTO controlventas.producto (codigo_producto,nombreProducto,descripcion,precio_unidad) VALUES ('P001','Refrigerador','Refrigerador Marca Mabe 12 pies',2500);
INSERT INTO controlventas.producto (codigo_producto,nombreProducto,descripcion,precio_unidad) VALUES ('P002','Refrigerador','Refrigerador Marca Whirlpool 15 pies',2365);
INSERT INTO controlventas.producto (codigo_producto,nombreProducto,descripcion,precio_unidad) VALUES ('P003','Lavavajillas','Lavavajillas Whirlpool',5200);
INSERT INTO controlventas.producto (codigo_producto,nombreProducto,descripcion,precio_unidad) VALUES ('P004','Microondas','Microondas mediano Whirlpool',1000);
INSERT INTO controlventas.producto (codigo_producto,nombreProducto,descripcion,precio_unidad) VALUES ('P005','Equipo de Sonido','Equipo de Sonido RCA',2500);
INSERT INTO controlventas.producto (codigo_producto,nombreProducto,descripcion,precio_unidad) VALUES ('P006','Computadora','Laptop HP AMD Ryzen',6999.20);
INSERT INTO controlventas.producto (codigo_producto,nombreProducto,descripcion,precio_unidad) VALUES ('P007','Plancha','Plancha para cabello Revlon',246.49);
INSERT INTO controlventas.producto (codigo_producto,nombreProducto,descripcion,precio_unidad) VALUES ('P008','Picatodo','Mini Picatodo Oster',239.50);
INSERT INTO controlventas.producto (codigo_producto,nombreProducto,descripcion,precio_unidad) VALUES ('P009','Cafetera','Cafetera Personal Oster',1500);
INSERT INTO controlventas.producto (codigo_producto,nombreProducto,descripcion,precio_unidad) VALUES ('P010','Lavadora','Lavadora de Carga Superior 17Kg Samsung',4499);
INSERT INTO controlventas.producto (codigo_producto,nombreProducto,descripcion,precio_unidad) VALUES ('P011','Extractor de Jugos','Extractor de Jugos 1 Litro Oster',789.99);
INSERT INTO controlventas.producto (codigo_producto,nombreProducto,descripcion,precio_unidad) VALUES ('P012',Licuadora,'Licuadora de 6 velocidades Oster',651.99);
INSERT INTO controlventas.producto (codigo_producto,nombreProducto,descripcion,precio_unidad) VALUES ('P013','Reproductor','Reproductor de DVD RCA',549.49);
INSERT INTO controlventas.producto (codigo_producto,nombreProducto,descripcion,precio_unidad) VALUES ('P014','Secadora','Secadora de Ropa LG',3456.50);
INSERT INTO controlventas.producto (codigo_producto,nombreProducto,descripcion,precio_unidad) VALUES ('P015','Horno','Horno de Cocina Bosch',5000);
INSERT INTO controlventas.producto (codigo_producto,nombreProducto,descripcion,precio_unidad) VALUES ('P016','Batidora','Batidora de Mano KitchenAID',562.23);
INSERT INTO controlventas.producto (codigo_producto,nombreProducto,descripcion,precio_unidad) VALUES ('P017','Freidora','Freidora de Aire Philips',1500.50);
INSERT INTO controlventas.producto (codigo_producto,nombreProducto,descripcion,precio_unidad) VALUES ('P018','Refrigeradora','Refrigeradora Smart Samsung',10000.50);
INSERT INTO controlventas.producto (codigo_producto,nombreProducto,descripcion,precio_unidad) VALUES ('P0019','Aspiradora','Aspiradora electronica Dyson',2399);
INSERT INTO controlventas.producto (codigo_producto,nombreProducto,descripcion,precio_unidad) VALUES ('P020','Sandwichera','Sandwichera de 4 rodajas Cuisinart',2399);
INSERT INTO controlventas.producto (codigo_producto,nombreProducto,descripcion,precio_unidad) VALUES ('P021','Lavadora','Lavadora de carga frontal LG',5620);
INSERT INTO controlventas.producto (codigo_producto,nombreProducto,descripcion,precio_unidad) VALUES ('P022','Tostador','Tostador de Pan Cuisinart',349.99);
INSERT INTO controlventas.producto (codigo_producto,nombreProducto,descripcion,precio_unidad) VALUES ('P023','Celular','Celular Samsung Galaxy X 256GB',12498);
INSERT INTO controlventas.producto (codigo_producto,nombreProducto,descripcion,precio_unidad) VALUES ('P024','Celular','Celular Samsung Galaxy S23',10500);
INSERT INTO controlventas.producto (codigo_producto,nombreProducto,descripcion,precio_unidad) VALUES ('P025','Lavadora','Torre de Lavado LG',1999);
INSERT INTO controlventas.producto (codigo_producto,nombreProducto,descripcion,precio_unidad) VALUES ('P026','Congelador','Congelador Telstar',4999);
INSERT INTO controlventas.producto (codigo_producto,nombreProducto,descripcion,precio_unidad) VALUES ('P027','Televisor','Televisor Smart Samsung 55 pulgadas',6999);
INSERT INTO controlventas.producto (codigo_producto,nombreProducto,descripcion,precio_unidad) VALUES ('P028','Refrigerador','Camara Refrigeradora Frigidaire',8499);
INSERT INTO controlventas.producto (codigo_producto,nombreProducto,descripcion,precio_unidad) VALUES ('P0029','Estufa','Estufa de mesa Frigidaire',4000);
INSERT INTO controlventas.producto (codigo_producto,nombreProducto,descripcion,precio_unidad) VALUES ('P030','Waflera','Waflera de 2 porciones Rosthal',204.85);
INSERT INTO controlventas.producto (codigo_producto,nombreProducto,descripcion,precio_unidad) VALUES ('P031','Monitor','Monitor Full HD HP',1749.20);
INSERT INTO controlventas.producto (codigo_producto,nombreProducto,descripcion,precio_unidad) VALUES ('P032','Cafetera','Cafetera de 12 tazas Rosthal',3500);
INSERT INTO controlventas.producto (codigo_producto,nombreProducto,descripcion,precio_unidad) VALUES ('P033','Extractor de Olores','Campana extractora de olores Broan',754.99);
INSERT INTO controlventas.producto (codigo_producto,nombreProducto,descripcion,precio_unidad) VALUES ('P034','Plancha','Plancha de vapor para ropa Oster',209.49);
INSERT INTO controlventas.producto (codigo_producto,nombreProducto,descripcion,precio_unidad) VALUES ('P035','Televisor','Televisor de 32 pulgadas RCA',4876);
INSERT INTO controlventas.producto (codigo_producto,nombreProducto,descripcion,precio_unidad) VALUES ('P036','Tostadora','Tostadora Black & Decker',1200);
INSERT INTO controlventas.producto (codigo_producto,nombreProducto,descripcion,precio_unidad) VALUES ('P037','Pesa','Pesa electronica de alimentos Nordika',569.50);
INSERT INTO controlventas.producto (codigo_producto,nombreProducto,descripcion,precio_unidad) VALUES ('P038','Secadora','Secadora para cabello Remington',799.45);
INSERT INTO controlventas.producto (codigo_producto,nombreProducto,descripcion,precio_unidad) VALUES ('P039','Licuadora','Licuadora de 4 velocidades Oster',520.30);
INSERT INTO controlventas.producto (codigo_producto,nombreProducto,descripcion,precio_unidad) VALUES ('P040','Equipo de Sonido','Equipo de Sonido de 2 bocinas Philips',2000);
INSERT INTO controlventas.producto (codigo_producto,nombreProducto,descripcion,precio_unidad) VALUES ('P041','Extractor de Grasa','Campana Extractora de Grasa Whipool',2560.32);
INSERT INTO controlventas.producto (codigo_producto,nombreProducto,descripcion,precio_unidad) VALUES ('P042','Refrigerador','Refrigerador LG de 15 pies',3560.50);
INSERT INTO controlventas.producto (codigo_producto,nombreProducto,descripcion,precio_unidad) VALUES ('P043','Celular','Celular Huawei P50',10500);

/*inventario bodega*/ 

INSERT INTO controlventas.inventario (sucursal,producto,stock) VALUES ('BD1','P001',10);
INSERT INTO controlventas.inventario (sucursal,producto,stock) VALUES ('BD1','P005',26);
INSERT INTO controlventas.inventario (sucursal,producto,stock) VALUES ('BD1','P002',16);
INSERT INTO controlventas.inventario (sucursal,producto,stock) VALUES ('BD1','P003',16);
INSERT INTO controlventas.inventario (sucursal,producto,stock) VALUES ('BD1','P004',23);
INSERT INTO controlventas.inventario (sucursal,producto,stock) VALUES ('BD1','P006',28);
INSERT INTO controlventas.inventario (sucursal,producto,stock) VALUES ('BD1','P007',40);
INSERT INTO controlventas.inventario (sucursal,producto,stock) VALUES ('BD1','P008',15);
INSERT INTO controlventas.inventario (sucursal,producto,stock) VALUES ('BD1','P009',15);
INSERT INTO controlventas.inventario (sucursal,producto,stock) VALUES ('BD1','P010',5);
INSERT INTO controlventas.inventario (sucursal,producto,stock) VALUES ('BD1','P011',20);
INSERT INTO controlventas.inventario (sucursal,producto,stock) VALUES ('BD1','P012',14);
INSERT INTO controlventas.inventario (sucursal,producto,stock) VALUES ('BD1','P013',5);
INSERT INTO controlventas.inventario (sucursal,producto,stock) VALUES ('BD1','P014',41);
INSERT INTO controlventas.inventario (sucursal,producto,stock) VALUES ('BD1','P015',20);
INSERT INTO controlventas.inventario (sucursal,producto,stock) VALUES ('BD1','P016',13);
INSERT INTO controlventas.inventario (sucursal,producto,stock) VALUES ('BD1','P017',10);
INSERT INTO controlventas.inventario (sucursal,producto,stock) VALUES ('BD1','P018',5);
INSERT INTO controlventas.inventario (sucursal,producto,stock) VALUES ('BD1','P019',15);
INSERT INTO controlventas.inventario (sucursal,producto,stock) VALUES ('BD1','P020',20);
INSERT INTO controlventas.inventario (sucursal,producto,stock) VALUES ('BD1','P021',13);
INSERT INTO controlventas.inventario (sucursal,producto,stock) VALUES ('BD1','P022',10);
INSERT INTO controlventas.inventario (sucursal,producto,stock) VALUES ('BD1','P023',20);
INSERT INTO controlventas.inventario (sucursal,producto,stock) VALUES ('BD1','P024',26);
INSERT INTO controlventas.inventario (sucursal,producto,stock) VALUES ('BD1','P025',19);
INSERT INTO controlventas.inventario (sucursal,producto,stock) VALUES ('BD1','P026',20);
INSERT INTO controlventas.inventario (sucursal,producto,stock) VALUES ('BD1','P027',21);
INSERT INTO controlventas.inventario (sucursal,producto,stock) VALUES ('BD1','P028',29);
INSERT INTO controlventas.inventario (sucursal,producto,stock) VALUES ('BD1','P0029',27);
INSERT INTO controlventas.inventario (sucursal,producto,stock) VALUES ('BD1','P030',30);

/*inventario sucursal central*/
INSERT INTO controlventas.inventario (sucursal,producto,stock) VALUES ('SC1','P027',1);
INSERT INTO controlventas.inventario (sucursal,producto,stock) VALUES ('SC1','P011',4);
INSERT INTO controlventas.inventario (sucursal,producto,stock) VALUES ('SC1','P015',2);
INSERT INTO controlventas.inventario (sucursal,producto,stock) VALUES ('SC1','P003',20);
INSERT INTO controlventas.inventario (sucursal,producto,stock) VALUES ('SC1','P014',20);
INSERT INTO controlventas.inventario (sucursal,producto,stock) VALUES ('SC1','P031',10);
INSERT INTO controlventas.inventario (sucursal,producto,stock) VALUES ('SC1','P001',23);
INSERT INTO controlventas.inventario (sucursal,producto,stock) VALUES ('SC1','P030',18);
INSERT INTO controlventas.inventario (sucursal,producto,stock) VALUES ('SC1','P004',15);
INSERT INTO controlventas.inventario (sucursal,producto,stock) VALUES ('SC1','P033',23);
INSERT INTO controlventas.inventario (sucursal,producto,stock) VALUES ('SC1','P034',21);
INSERT INTO controlventas.inventario (sucursal,producto,stock) VALUES ('SC1','P008',14);
INSERT INTO controlventas.inventario (sucursal,producto,stock) VALUES ('SC1','P010',20);
INSERT INTO controlventas.inventario (sucursal,producto,stock) VALUES ('SC1','P016',3);
INSERT INTO controlventas.inventario (sucursal,producto,stock) VALUES ('SC1','P017',6);
INSERT INTO controlventas.inventario (sucursal,producto,stock) VALUES ('SC1','P035',14);
INSERT INTO controlventas.inventario (sucursal,producto,stock) VALUES ('SC1','P020',15);
INSERT INTO controlventas.inventario (sucursal,producto,stock) VALUES ('SC1','P023',6);
INSERT INTO controlventas.inventario (sucursal,producto,stock) VALUES ('SC1','P024',8);
INSERT INTO controlventas.inventario (sucursal,producto,stock) VALUES ('SC1','P026',16);
INSERT INTO controlventas.inventario (sucursal,producto,stock) VALUES ('SC1','P028',23);
INSERT INTO controlventas.inventario (sucursal,producto,stock) VALUES ('SC1','P036',23);
INSERT INTO controlventas.inventario (sucursal,producto,stock) VALUES ('SC1','P037',12);
INSERT INTO controlventas.inventario (sucursal,producto,stock) VALUES ('SC1','P038',13);
INSERT INTO controlventas.inventario (sucursal,producto,stock) VALUES ('SC1','P039',8);
INSERT INTO controlventas.inventario (sucursal,producto,stock) VALUES ('SC1','P040',9);
INSERT INTO controlventas.inventario (sucursal,producto,stock) VALUES ('SC1','P041',19);
INSERT INTO controlventas.inventario (sucursal,producto,stock) VALUES ('SC1','P042',16);
INSERT INTO controlventas.inventario (sucursal,producto,stock) VALUES ('SC1','P043',18);

/*inventario sucursal norte */
INSERT INTO controlventas.inventario (sucursal,producto,stock) VALUES ('SN2','P006',2);
INSERT INTO controlventas.inventario (sucursal,producto,stock) VALUES ('SN2','P003',16);
INSERT INTO controlventas.inventario (sucursal,producto,stock) VALUES ('SN2','P030',11);
INSERT INTO controlventas.inventario (sucursal,producto,stock) VALUES ('SN2','P004',10);
INSERT INTO controlventas.inventario (sucursal,producto,stock) VALUES ('SN2','P007',16);
INSERT INTO controlventas.inventario (sucursal,producto,stock) VALUES ('SN2','P011',18);
INSERT INTO controlventas.inventario (sucursal,producto,stock) VALUES ('SN2','P012',9);
INSERT INTO controlventas.inventario (sucursal,producto,stock) VALUES ('SN2','P013',15);
INSERT INTO controlventas.inventario (sucursal,producto,stock) VALUES ('SN2','P014',3);
INSERT INTO controlventas.inventario (sucursal,producto,stock) VALUES ('SN2','P015',17);
INSERT INTO controlventas.inventario (sucursal,producto,stock) VALUES ('SN2','P016',17);
INSERT INTO controlventas.inventario (sucursal,producto,stock) VALUES ('SN2','P034',17);
INSERT INTO controlventas.inventario (sucursal,producto,stock) VALUES ('SN2','P035',6);
INSERT INTO controlventas.inventario (sucursal,producto,stock) VALUES ('SN2','P036',20);
INSERT INTO controlventas.inventario (sucursal,producto,stock) VALUES ('SN2','P037',9);
INSERT INTO controlventas.inventario (sucursal,producto,stock) VALUES ('SN2','P038',16);
INSERT INTO controlventas.inventario (sucursal,producto,stock) VALUES ('SN2','P039',8);
INSERT INTO controlventas.inventario (sucursal,producto,stock) VALUES ('SN2','P040',3);
INSERT INTO controlventas.inventario (sucursal,producto,stock) VALUES ('SN2','P041',4);
INSERT INTO controlventas.inventario (sucursal,producto,stock) VALUES ('SN2','P042',19);
INSERT INTO controlventas.inventario (sucursal,producto,stock) VALUES ('SN2','P025',20);
INSERT INTO controlventas.inventario (sucursal,producto,stock) VALUES ('SN2','P026',3);
INSERT INTO controlventas.inventario (sucursal,producto,stock) VALUES ('SN2','P027',14);
INSERT INTO controlventas.inventario (sucursal,producto,stock) VALUES ('SN2','P028',4);
INSERT INTO controlventas.inventario (sucursal,producto,stock) VALUES ('SN2','P0029',19);

/*inventario sucursal sur*/
INSERT INTO controlventas.inventario (sucursal,producto,stock) VALUES ('SS3','P001',12);
INSERT INTO controlventas.inventario (sucursal,producto,stock) VALUES ('SS3','P039',2);
INSERT INTO controlventas.inventario (sucursal,producto,stock) VALUES ('SS3','P040',6);
INSERT INTO controlventas.inventario (sucursal,producto,stock) VALUES ('SS3','P041',8);
INSERT INTO controlventas.inventario (sucursal,producto,stock) VALUES ('SS3','P042',7);
INSERT INTO controlventas.inventario (sucursal,producto,stock) VALUES ('SS3','P043',6);
INSERT INTO controlventas.inventario (sucursal,producto,stock) VALUES ('SS3','P013',5);
INSERT INTO controlventas.inventario (sucursal,producto,stock) VALUES ('SS3','P014',8);
INSERT INTO controlventas.inventario (sucursal,producto,stock) VALUES ('SS3','P015',16);
INSERT INTO controlventas.inventario (sucursal,producto,stock) VALUES ('SS3','P017',14);
INSERT INTO controlventas.inventario (sucursal,producto,stock) VALUES ('SS3','P016',7);
INSERT INTO controlventas.inventario (sucursal,producto,stock) VALUES ('SS3','P005',17);
INSERT INTO controlventas.inventario (sucursal,producto,stock) VALUES ('SS3','P036',7);
INSERT INTO controlventas.inventario (sucursal,producto,stock) VALUES ('SS3','P037',14);
INSERT INTO controlventas.inventario (sucursal,producto,stock) VALUES ('SS3','P038',6);

/*ingreso de empleados
administrador*/
INSERT INTO controlpersonal.empleado VALUES('E004', 'Alan Gutierres', 'Adm9874', '4', 'SS3');
/*bodega */
INSERT INTO controlpersonal.empleado VALUES('E001', 'Alejandro Gonzales', 'Bod12345', '3', 'BD1');
INSERT INTO controlpersonal.empleado VALUES('E016', 'Manuel Garcia', 'BD456', '3', 'BD1');
INSERT INTO controlpersonal.empleado VALUES('E017', 'Juan Sanchez', '45678BD', '3', 'BD1');
INSERT INTO controlpersonal.empleado VALUES('E018', 'Maria Sac', 'B47896', '3', 'BD1');

/*ventas Sucursal Central */
INSERT INTO controlpersonal.empleado VALUES('E007', 'Jose Macario', 'VC123', '1', 'SC1');
INSERT INTO controlpersonal.empleado VALUES('E008', 'Bruno Ayerdi', 'VSC4512', '1', 'SC1');
INSERT INTO controlpersonal.empleado VALUES('E015', 'Maria Arellano', 'Vent56', '1', 'SC1');

/*ventas Sucursal Norte */
INSERT INTO controlpersonal.empleado VALUES('E003', 'Ana Flores', 'Ven12345', '1', 'SN2');
INSERT INTO controlpersonal.empleado VALUES('E006', 'Nadia Gutierres', 'VSN123', '1', 'SN2');
INSERT INTO controlpersonal.empleado VALUES('E009', 'Ian Morales', 'VSN9012', '1', 'SN2');

/*ventas Sucursal Sur*/
INSERT INTO controlpersonal.empleado VALUES('E011', 'Antony Martinez', 'VSS56', '1', 'SS3');
INSERT INTO controlpersonal.empleado VALUES('E012', 'Rodrigo Morales', 'VSS4878', '1', 'SS3');
INSERT INTO controlpersonal.empleado VALUES('E013', 'Tomas Lopez', ' VSS1533', '1', 'SS3');

/*inventario Sucursal Central */
INSERT INTO controlpersonal.empleado VALUES('E002', 'Maria Solares', 'Inv12345', '2', 'SC1');
/*inventario Sucursal Norte */
INSERT INTO controlpersonal.empleado VALUES('E010', 'Pedro Garcia', 'InSN123', '2', 'SC1');
/*inventario Sucursal sur */
INSERT INTO controlpersonal.empleado VALUES('E014', 'Esperanza Martin', 'InSS12', '2', 'SC1');

/*clientes */
INSERT INTO controlpersonal.empleado VALUES('0', 'C/F', 'Ciudad');
INSERT INTO controlpersonal.empleado VALUES('6562315', 'Mariela Soliz', 'Ciudad');
INSERT INTO controlpersonal.empleado VALUES('457896', 'Maria Garcia', 'Ciudad');
INSERT INTO controlpersonal.empleado VALUES('123456', 'Luis Gonzales', 'Ciudad');
INSERT INTO controlpersonal.empleado VALUES('456789', 'Laura Torres', 'Quetzaltenango');
INSERT INTO controlpersonal.empleado VALUES('789456', 'Carlos Perez', 'Guatemala');
INSERT INTO controlpersonal.empleado VALUES('123789', 'Isabel Hernandez', 'Ciudad');
INSERT INTO controlpersonal.empleado VALUES('676544K', 'Paula Ruiz', 'Ciudad');

/*Vendedores con mas INGRESOS */
SELECT venta.vendedor, empleado.nombre, SUM(venta.monto_venta) AS Total_Ventas FROM controlventas.venta JOIN controlpersonal.empleado ON venta.vendedor = empleado.codigo_empleado GROUP BY venta.vendedor, empleado.nombre ORDER BY SUM(venta.monto_venta)DESC LIMIT 3;

/*Vendedores con mas ventas */
SELECT venta.vendedor, empleado.nombre, COUNT(*) as total FROM controlventas.venta JOIN controlpersonal.empleado ON venta.vendedor = empleado.codigo_empleado GROUP BY venta.vendedor, empleado.nombre ORDER BY COUNT(*) DESC ;


/*producto con mas ingresos */
SELECT venta.producto, producto.nombreproducto, SUM(venta.monto_venta) FROM controlventas.venta JOIN controlventas.producto ON venta.producto = producto.idproducto GROUP BY venta.producto, producto.nombreproducto ORDER BY SUM(venta.monto_venta)DESC LIMIT 10;

/*Clientes mas ganancias genera*/
SELECT cliente.nombre, venta.cliente, SUM(venta.monto_venta) FROM controlventas.venta JOIN controlventas.cliente ON venta.cliente = cliente.nit GROUP BY cliente.nombre, venta.cliente ORDER BY SUM(venta.monto_venta)DESC LIMIT 10;

/*Sucursales con mas ventas */
SELECT venta.sucursal, sucursal.nombreTienda, COUNT(*) as total FROM controlventas.venta JOIN controltiendas.sucursal ON venta.sucursal = sucursal.codigo_tienda GROUP BY venta.sucursal, sucursal.nombreTienda ORDER BY COUNT(*) DESC;
/*sucursal con mas ingresos*/
SELECT venta.sucursal, sucursal.nombreTienda, SUM(venta.monto_venta) FROM controlventas.venta JOIN controltiendas.sucursal ON venta.sucursal = sucursal.codigo_tienda GROUP BY venta.sucursal, sucursal.nombreTienda ORDER BY SUM(venta.monto_venta) DESC;

/*Productos + ingresos por sucursal */
 SELECT producto.nombreProducto, sucursal.nombreTienda, MAX(venta.monto_venta) FROM controlventas.venta JOIN controlventas.producto ON venta.producto = producto.idProducto JOIN controltiendas.sucursal ON venta.sucursal = sucursal.codigo_tienda GROUP BY producto.nombreProducto, sucursal.nombreTienda ORDER BY MAX(venta.monto_venta) DESC;

/*productos + vendidos por sucursal*/
SELECT producto.nombreProducto, sucursal.nombreTienda, MAX(detalleventa.cantidad) FROM controlventas.detalleventa JOIN controlventas.producto ON detalleventa.idprod = producto.idProducto JOIN controlventas.venta ON detalleventa.idventa = venta.num_venta JOIN controltiendas.sucursal ON venta.sucursal = sucursal.codigo_tienda GROUP BY producto.nombreProducto, sucursal.nombreTienda ORDER BY MAX(detalleventa.cantidad) DESC;

SELECT venta.producto, producto.nombreproducto, SUM(venta.monto_venta) FROM controlventas.venta JOIN controlventas.producto ON venta.producto = producto.codigo_producto GROUP BY venta.producto, producto.nombreproducto ORDER BY SUM(venta.monto_venta)DESC LIMIT 10;

SELECT detalleventa.idprod, producto.codigo_producto, producto.nombreproducto, SUM(detalleventa.cantidad) FROM controlventas.detalleventa JOIN controlventas.producto ON detalleventa.idprod = producto.codigo_producto GROUP BY detalleventa.idprod, producto.codigo_producto, producto.nombreproducto ORDER BY SUM(detalleventa.cantidad)DESC LIMIT 10;










